-- <editor-fold desc="顧客スキーマ">
INSERT INTO 顧客.顧客 (顧客ID, 顧客番号)
VALUES ('a4162efe-f43a-40fb-85db-3a1032757f6a', '99123450'),
       ('8bf03626-efa4-40ee-b1dc-c020c549218f', '99123451'),
       ('a3081bf2-64f5-41bf-a7a6-16c2135856ae', '99123452'),
       ('2802bfed-dc68-4bd1-b5be-d1ca3613fd05', '99123453'),
       ('7be19df5-fe46-4054-a1b2-9a0214cc6885', '99123454'),
       ('7bddd753-c72c-44ee-99b5-f6fd39e6b537', '99123455'),
       ('af5b9317-6da9-452a-ac1d-9a74a0fb94bd', '99123456'),
       ('c03dac82-8e3e-4e87-95f6-a2730e09dc26', '99123457'),
       ('9e27b3dd-cff3-484a-a5f6-a6d5481780ca', '99123458'),
       ('c7e27889-ee54-4e58-b8ee-7d26802bb7d2', '99123459'),
       ('bd843ee3-7390-42c9-8873-3e162d248016', '99123460'),
       ('16f32f0c-763b-4f37-ba2c-b3c8761247f3', '99123461'),
       ('e8b24387-d92c-4cf5-bce1-bb341c4bfcde', '99123462'),
       ('9acb5cd9-c3e5-4690-a015-71feec8c2229', '99123463'),
       ('7964b766-608c-4d30-812f-592f61fac845', '99123464'),
       ('2d134b88-249c-4938-9ba7-654db067ffef', '99123465'),
       ('3100409b-4eda-4c75-9e57-3da478d1c0ac', '99123466'),
       ('fbf45514-60a9-4e50-a93d-66185c2eaa25', '99123467'),
       ('1231974b-1a71-49e6-91df-281e59a396a5', '99123468'),
       ('d149ab58-5a05-4502-911b-48c34df00a1e', '99123469')
;

INSERT INTO 顧客.顧客リビジョン (顧客ID, リビジョン)
VALUES ('a4162efe-f43a-40fb-85db-3a1032757f6a', 'a4162efe-f43a-40fb-85db-3a1032757f6a'),
       ('8bf03626-efa4-40ee-b1dc-c020c549218f', '8bf03626-efa4-40ee-b1dc-c020c549218f'),
       ('a3081bf2-64f5-41bf-a7a6-16c2135856ae', 'a3081bf2-64f5-41bf-a7a6-16c2135856ae'),
       ('2802bfed-dc68-4bd1-b5be-d1ca3613fd05', '2802bfed-dc68-4bd1-b5be-d1ca3613fd05'),
       ('7be19df5-fe46-4054-a1b2-9a0214cc6885', '7be19df5-fe46-4054-a1b2-9a0214cc6885'),
       ('7bddd753-c72c-44ee-99b5-f6fd39e6b537', '7bddd753-c72c-44ee-99b5-f6fd39e6b537'),
       ('af5b9317-6da9-452a-ac1d-9a74a0fb94bd', 'af5b9317-6da9-452a-ac1d-9a74a0fb94bd'),
       ('c03dac82-8e3e-4e87-95f6-a2730e09dc26', 'c03dac82-8e3e-4e87-95f6-a2730e09dc26'),
       ('9e27b3dd-cff3-484a-a5f6-a6d5481780ca', '9e27b3dd-cff3-484a-a5f6-a6d5481780ca'),
       ('c7e27889-ee54-4e58-b8ee-7d26802bb7d2', 'c7e27889-ee54-4e58-b8ee-7d26802bb7d2'),
       ('bd843ee3-7390-42c9-8873-3e162d248016', 'bd843ee3-7390-42c9-8873-3e162d248016'),
       ('16f32f0c-763b-4f37-ba2c-b3c8761247f3', '16f32f0c-763b-4f37-ba2c-b3c8761247f3'),
       ('e8b24387-d92c-4cf5-bce1-bb341c4bfcde', 'e8b24387-d92c-4cf5-bce1-bb341c4bfcde'),
       ('9acb5cd9-c3e5-4690-a015-71feec8c2229', '9acb5cd9-c3e5-4690-a015-71feec8c2229'),
       ('7964b766-608c-4d30-812f-592f61fac845', '7964b766-608c-4d30-812f-592f61fac845'),
       ('2d134b88-249c-4938-9ba7-654db067ffef', '2d134b88-249c-4938-9ba7-654db067ffef'),
       ('3100409b-4eda-4c75-9e57-3da478d1c0ac', '3100409b-4eda-4c75-9e57-3da478d1c0ac'),
       ('fbf45514-60a9-4e50-a93d-66185c2eaa25', 'fbf45514-60a9-4e50-a93d-66185c2eaa25'),
       ('1231974b-1a71-49e6-91df-281e59a396a5', '1231974b-1a71-49e6-91df-281e59a396a5'),
       ('d149ab58-5a05-4502-911b-48c34df00a1e', 'd149ab58-5a05-4502-911b-48c34df00a1e')
;

INSERT INTO 顧客._現在の顧客リビジョン (顧客ID, リビジョン)
VALUES ('a4162efe-f43a-40fb-85db-3a1032757f6a', 'a4162efe-f43a-40fb-85db-3a1032757f6a'),
       ('8bf03626-efa4-40ee-b1dc-c020c549218f', '8bf03626-efa4-40ee-b1dc-c020c549218f'),
       ('a3081bf2-64f5-41bf-a7a6-16c2135856ae', 'a3081bf2-64f5-41bf-a7a6-16c2135856ae'),
       ('2802bfed-dc68-4bd1-b5be-d1ca3613fd05', '2802bfed-dc68-4bd1-b5be-d1ca3613fd05'),
       ('7be19df5-fe46-4054-a1b2-9a0214cc6885', '7be19df5-fe46-4054-a1b2-9a0214cc6885'),
       ('7bddd753-c72c-44ee-99b5-f6fd39e6b537', '7bddd753-c72c-44ee-99b5-f6fd39e6b537'),
       ('af5b9317-6da9-452a-ac1d-9a74a0fb94bd', 'af5b9317-6da9-452a-ac1d-9a74a0fb94bd'),
       ('c03dac82-8e3e-4e87-95f6-a2730e09dc26', 'c03dac82-8e3e-4e87-95f6-a2730e09dc26'),
       ('9e27b3dd-cff3-484a-a5f6-a6d5481780ca', '9e27b3dd-cff3-484a-a5f6-a6d5481780ca'),
       ('c7e27889-ee54-4e58-b8ee-7d26802bb7d2', 'c7e27889-ee54-4e58-b8ee-7d26802bb7d2'),
       ('bd843ee3-7390-42c9-8873-3e162d248016', 'bd843ee3-7390-42c9-8873-3e162d248016'),
       ('16f32f0c-763b-4f37-ba2c-b3c8761247f3', '16f32f0c-763b-4f37-ba2c-b3c8761247f3'),
       ('e8b24387-d92c-4cf5-bce1-bb341c4bfcde', 'e8b24387-d92c-4cf5-bce1-bb341c4bfcde'),
       ('9acb5cd9-c3e5-4690-a015-71feec8c2229', '9acb5cd9-c3e5-4690-a015-71feec8c2229'),
       ('7964b766-608c-4d30-812f-592f61fac845', '7964b766-608c-4d30-812f-592f61fac845'),
       ('2d134b88-249c-4938-9ba7-654db067ffef', '2d134b88-249c-4938-9ba7-654db067ffef'),
       ('3100409b-4eda-4c75-9e57-3da478d1c0ac', '3100409b-4eda-4c75-9e57-3da478d1c0ac'),
       ('fbf45514-60a9-4e50-a93d-66185c2eaa25', 'fbf45514-60a9-4e50-a93d-66185c2eaa25'),
       ('1231974b-1a71-49e6-91df-281e59a396a5', '1231974b-1a71-49e6-91df-281e59a396a5'),
       ('d149ab58-5a05-4502-911b-48c34df00a1e', 'd149ab58-5a05-4502-911b-48c34df00a1e')
;

INSERT INTO 顧客.顧客名称 (顧客ID, リビジョン, 顧客名, 顧客名カナ)
VALUES ('a4162efe-f43a-40fb-85db-3a1032757f6a', 'a4162efe-f43a-40fb-85db-3a1032757f6a', 'アナハイム・エレクトロニクス',
        'アナハイム・エレクトロニクス'),
       ('8bf03626-efa4-40ee-b1dc-c020c549218f', '8bf03626-efa4-40ee-b1dc-c020c549218f', 'モルサ社', 'モルサシャ'),
       ('a3081bf2-64f5-41bf-a7a6-16c2135856ae', 'a3081bf2-64f5-41bf-a7a6-16c2135856ae', 'アイランド・テクノモータ', 'アイランド・テクノモータ'),
       ('2802bfed-dc68-4bd1-b5be-d1ca3613fd05', '2802bfed-dc68-4bd1-b5be-d1ca3613fd05', 'Q・B・A', 'キュービーエー'),
       ('7be19df5-fe46-4054-a1b2-9a0214cc6885', '7be19df5-fe46-4054-a1b2-9a0214cc6885', 'スライドホイッスル', 'スライドホイッスル'),
       ('7bddd753-c72c-44ee-99b5-f6fd39e6b537', '7bddd753-c72c-44ee-99b5-f6fd39e6b537', '監査法人 FW&A',
        'カンサホウジン エフダブリューアンドエー'),
       ('af5b9317-6da9-452a-ac1d-9a74a0fb94bd', 'af5b9317-6da9-452a-ac1d-9a74a0fb94bd', 'ミラージェス・ノース・オートマトン',
        'ミラージェス・ノース・オートマトン'),
       ('c03dac82-8e3e-4e87-95f6-a2730e09dc26', 'c03dac82-8e3e-4e87-95f6-a2730e09dc26', 'ヴェストバリ農林', 'ヴェストバリノウリン'),
       ('9e27b3dd-cff3-484a-a5f6-a6d5481780ca', '9e27b3dd-cff3-484a-a5f6-a6d5481780ca', '登倉宮牟礼事務所',
        'トクラミヤムレジムショ'),
       ('c7e27889-ee54-4e58-b8ee-7d26802bb7d2', 'c7e27889-ee54-4e58-b8ee-7d26802bb7d2', 'パベル&ヒスル＝ランダ技研工業',
        'パベルアンドヒスル＝ランダギケンコウギョウ'),
       ('bd843ee3-7390-42c9-8873-3e162d248016', 'bd843ee3-7390-42c9-8873-3e162d248016', 'ボト＝ゼ・ルゾン社', 'ボト＝ゼ・ルゾンシャ'),
       ('16f32f0c-763b-4f37-ba2c-b3c8761247f3', '16f32f0c-763b-4f37-ba2c-b3c8761247f3', 'アウタモヘボト会', 'アウタモヘボトカイ'),
       ('e8b24387-d92c-4cf5-bce1-bb341c4bfcde', 'e8b24387-d92c-4cf5-bce1-bb341c4bfcde', '志尾商店', 'シオショウカイ'),
       ('9acb5cd9-c3e5-4690-a015-71feec8c2229', '9acb5cd9-c3e5-4690-a015-71feec8c2229', 'コンチネント・モビリティ', 'コンチネント・モビリティ'),
       ('7964b766-608c-4d30-812f-592f61fac845', '7964b766-608c-4d30-812f-592f61fac845', 'クラハト・オーシャン・スタジオ',
        'クラハト・オーシャン・スタジオ'),
       ('2d134b88-249c-4938-9ba7-654db067ffef', '2d134b88-249c-4938-9ba7-654db067ffef', 'トゴレニザデ・コーポレーション',
        'トゴレニザデ・コーポレーション'),
       ('3100409b-4eda-4c75-9e57-3da478d1c0ac', '3100409b-4eda-4c75-9e57-3da478d1c0ac', 'スター・マシンツール', 'スター・マシンツール'),
       ('fbf45514-60a9-4e50-a93d-66185c2eaa25', 'fbf45514-60a9-4e50-a93d-66185c2eaa25', 'サイバーダイン社', 'サイバーダインシャ'),
       ('1231974b-1a71-49e6-91df-281e59a396a5', '1231974b-1a71-49e6-91df-281e59a396a5', 'ストック&ウェスティングハウス貿易',
        'ストック&ウェスティングハウスボウエキ'),
       ('d149ab58-5a05-4502-911b-48c34df00a1e', 'd149ab58-5a05-4502-911b-48c34df00a1e', 'ディープシー・トラベル', 'ディープシー・トラベル')
;

INSERT INTO 顧客.連絡先 (顧客ID, リビジョン, Eメール, 郵便番号, 住所, 建物, 電話番号, 担当者名, 担当部署)
VALUES ('a4162efe-f43a-40fb-85db-3a1032757f6a', 'a4162efe-f43a-40fb-85db-3a1032757f6a', 'aaa@anahim.el.com', '156-0540',
        '足立区千住3-5-15', '', '04-9833-9149', '宮本 麻衣子', '総務部'),
       ('8bf03626-efa4-40ee-b1dc-c020c549218f', '8bf03626-efa4-40ee-b1dc-c020c549218f', 'aaa@molashash.com', '249-2796',
        '平塚市真田1-1-8', '', '0969-07-8828', '中山 洋介', '総務部'),
       ('a3081bf2-64f5-41bf-a7a6-16c2135856ae', 'a3081bf2-64f5-41bf-a7a6-16c2135856ae', 'aaa@islandwhi.com', '743-9817',
        '福山市引野町1-3-9', 'ガーデンズ816', '0858-28-4457', '川田 匡', '総務部'),
       ('2802bfed-dc68-4bd1-b5be-d1ca3613fd05', '2802bfed-dc68-4bd1-b5be-d1ca3613fd05', 'aaa@queue-bee.com', '537-9387',
        '龍ケ崎市中根台2-5-106', '', '0846-49-1265', '大坂 悟', '営業部'),
       ('7be19df5-fe46-4054-a1b2-9a0214cc6885', '7be19df5-fe46-4054-a1b2-9a0214cc6885', 'aaa@slide.shi.com', '289-2926',
        '高知市本町2-2-9', '', '095-826-0581', '小杉 洋光', '人事部'),
       ('7bddd753-c72c-44ee-99b5-f6fd39e6b537', '7bddd753-c72c-44ee-99b5-f6fd39e6b537', 'aaa@forwardan.com', '354-7689',
        '世田谷区瀬田2-1-17', 'ハイツ614', '0533-59-5186', '上杉 沙織', '総務部'),
       ('af5b9317-6da9-452a-ac1d-9a74a0fb94bd', 'af5b9317-6da9-452a-ac1d-9a74a0fb94bd', 'aaa@millerges.com', '660-5128',
        '熊本市東区御領4-3-3', '', '0174-42-0302', '井上 一浩', '情報システム部'),
       ('c03dac82-8e3e-4e87-95f6-a2730e09dc26', 'c03dac82-8e3e-4e87-95f6-a2730e09dc26', 'aaa@westparin.com', '535-3611',
        '高石市千代田1-2-4', 'グルーブ410', '0254-28-5432', '阿部 清子', '法務部'),
       ('9e27b3dd-cff3-484a-a5f6-a6d5481780ca', '9e27b3dd-cff3-484a-a5f6-a6d5481780ca', 'aaa@babelhisl.com', '043-0140',
        '奈良市大安寺3-2-9', '', '0857-00-9354', '吉野 大樹', '総務部'),
       ('c7e27889-ee54-4e58-b8ee-7d26802bb7d2', 'c7e27889-ee54-4e58-b8ee-7d26802bb7d2', 'aaa@tokuramiy.com', '209-5073',
        '札幌市中央区南十条西2-5-18', '', '088-943-6977', '宮口 陽子', 'CS部'),
       ('bd843ee3-7390-42c9-8873-3e162d248016', 'bd843ee3-7390-42c9-8873-3e162d248016', 'aaa@poto.ze.e.com', '218-1671',
        '中央区銀座1-5-409', '', '088-557-2445', '柳川 茜', '総務部'),
       ('16f32f0c-763b-4f37-ba2c-b3c8761247f3', '16f32f0c-763b-4f37-ba2c-b3c8761247f3', 'aaa@shioshoka.com', '443-9970',
        '金沢市畝田西2-1-11', '', '0234-39-1541', '近藤 功一', '総務部'),
       ('e8b24387-d92c-4cf5-bce1-bb341c4bfcde', 'e8b24387-d92c-4cf5-bce1-bb341c4bfcde', 'aaa@continent.com', '037-0125',
        '大阪市中央区南船場1-4-1107', '', '0954-53-3636', '大門 仁志', '総務部'),
       ('9acb5cd9-c3e5-4690-a015-71feec8c2229', '9acb5cd9-c3e5-4690-a015-71feec8c2229', 'aaa@stockhous.com', '785-1479',
        '大阪市北区天満2-1-4', '', '0883-65-9869', '鈴木 大裕', '総務部'),
       ('7964b766-608c-4d30-812f-592f61fac845', '7964b766-608c-4d30-812f-592f61fac845', 'aaa@deepseatr.com', '802-3491',
        '前橋市西片貝町3-2-21', '', '0985-59-3279', '下川 直樹', '総務部'),
       ('2d134b88-249c-4938-9ba7-654db067ffef', '2d134b88-249c-4938-9ba7-654db067ffef', 'aaa@starmachi.com', '138-4604',
        '渋谷区千駄ヶ谷3-2-501', '', '0587-72-4996', '白石 隆文', '総務部'),
       ('3100409b-4eda-4c75-9e57-3da478d1c0ac', '3100409b-4eda-4c75-9e57-3da478d1c0ac', 'aaa@tegorezan.com', '102-0796',
        '川口市本町1-1-6', '', '04-9077-5477', '徳永 啓太', '総務部'),
       ('fbf45514-60a9-4e50-a93d-66185c2eaa25', 'fbf45514-60a9-4e50-a93d-66185c2eaa25', 'aaa@craft.oce.com', '738-2100',
        '神戸市兵庫区湊町2-2-4', '', '03-9035-6753', '高場 幸子', '総務部'),
       ('1231974b-1a71-49e6-91df-281e59a396a5', '1231974b-1a71-49e6-91df-281e59a396a5', 'aaa@elecomy12.com', '998-5806',
        '台東区蔵前2-2-408', '', '096-87-4736', '小松 祥子', '総務部'),
       ('d149ab58-5a05-4502-911b-48c34df00a1e', 'd149ab58-5a05-4502-911b-48c34df00a1e', 'aaa@ciberdine.com', '251-8441',
        '大阪市中央区備後町3-3-9', '', '04-6356-4603', '高瀬 真由', '総務部')
;

-- </editor-fold>


-- <editor-fold desc="販売スキーマ">
INSERT INTO 販売.販売商品 (販売商品ID, 販売商品コード)
VALUES ('3c3ca7a8-9caa-420d-96e4-43b85d60c1fe', '7995319863'),
       ('b54a2269-7ae5-4d47-b00c-fbde9eeb68b2', '3425841047'),
       ('84a34352-5ce4-428e-8744-24666657a419', '9076660948')
;

INSERT INTO 販売.販売商品リビジョン (販売商品ID, リビジョン)
VALUES ('3c3ca7a8-9caa-420d-96e4-43b85d60c1fe', '9e78c273-561e-405b-b128-d24e9327f1d8'),
       ('b54a2269-7ae5-4d47-b00c-fbde9eeb68b2', '7879c155-8d13-46cb-bf70-b02004233a16'),
       ('84a34352-5ce4-428e-8744-24666657a419', 'd8914615-d20c-4c89-be39-5148cf84f81b')
;

INSERT INTO 販売._現在の販売商品リビジョン (販売商品ID, リビジョン)
VALUES ('3c3ca7a8-9caa-420d-96e4-43b85d60c1fe', '9e78c273-561e-405b-b128-d24e9327f1d8'),
       ('b54a2269-7ae5-4d47-b00c-fbde9eeb68b2', '7879c155-8d13-46cb-bf70-b02004233a16'),
       ('84a34352-5ce4-428e-8744-24666657a419', 'd8914615-d20c-4c89-be39-5148cf84f81b')
;

INSERT INTO 販売.販売商品内容 (販売商品ID, リビジョン, 商品名称, 商品略称, 販売開始日, 販売終了日, 販売価格, 定価, 色, サイズ, 説明, 備考)
VALUES ('3c3ca7a8-9caa-420d-96e4-43b85d60c1fe', '9e78c273-561e-405b-b128-d24e9327f1d8',
        '事前冷却不要！ ペルチェ式 アイスクリームメーカー', 'アイスクリームメーカー', '2023-05-05', '2023-05-06', 9000, 12000, '白', '', '', ''),
       ('b54a2269-7ae5-4d47-b00c-fbde9eeb68b2', '7879c155-8d13-46cb-bf70-b02004233a16',
        'ルルド 健康新習慣！ ゆらゆら健康器 ＡＸ−ＦＹ９１９ ', 'ゆらゆら健康器', '2023-05-15', '2023-05-26', 8990, 14500, 'グレー', '', '',
        ''),
       ('84a34352-5ce4-428e-8744-24666657a419', 'd8914615-d20c-4c89-be39-5148cf84f81b',
        'デュクス やさしい風も パワフルな風もおまかせ！ グローブ ３Ｄサーキュレーター', '３Ｄサーキュレーター', '2023-05-27', '2023-05-30', 10500, 18000, '青', '',
        '', '')
;
-- </editor-fold>

-- <editor-fold desc="仕入スキーマ">
INSERT INTO 仕入.仕入商品 (仕入商品ID, 仕入商品コード)
VALUES ('ac48c609-f2a8-4a2a-846f-a817a2b9ed72', '5508971234'),
       ('3aef9358-57f8-43ce-aa63-fcf002c96a80', '5508971235'),
       ('1e63d3ed-7ec4-46d4-9bf7-713001f642e6', '5508971236')
;

INSERT INTO 仕入.仕入商品リビジョン (仕入商品ID, リビジョン)
VALUES ('ac48c609-f2a8-4a2a-846f-a817a2b9ed72', 'e0898c4e-4984-405b-baa6-b82c96ee8b14'),
       ('3aef9358-57f8-43ce-aa63-fcf002c96a80', 'b0a62890-0679-4bc4-855c-46d01648adf9'),
       ('1e63d3ed-7ec4-46d4-9bf7-713001f642e6', 'dffb5de2-17e3-4064-af3e-5ff565c83140')
;

INSERT INTO 仕入._現在の仕入商品リビジョン (仕入商品ID, リビジョン)
VALUES ('ac48c609-f2a8-4a2a-846f-a817a2b9ed72', 'e0898c4e-4984-405b-baa6-b82c96ee8b14'),
       ('3aef9358-57f8-43ce-aa63-fcf002c96a80', 'b0a62890-0679-4bc4-855c-46d01648adf9'),
       ('1e63d3ed-7ec4-46d4-9bf7-713001f642e6', 'dffb5de2-17e3-4064-af3e-5ff565c83140')
;

INSERT INTO 仕入.仕入商品内容 (仕入商品ID, リビジョン, 商品名称, 仕入価格)
VALUES ('ac48c609-f2a8-4a2a-846f-a817a2b9ed72', 'e0898c4e-4984-405b-baa6-b82c96ee8b14',
        'M''s　ハイカー マイクロクルー・ ミッドウェイトクッション', 2750),
       ('3aef9358-57f8-43ce-aa63-fcf002c96a80', 'b0a62890-0679-4bc4-855c-46d01648adf9', 'ドライナミックメッシュ ショートスリーブ', 9000),
       ('1e63d3ed-7ec4-46d4-9bf7-713001f642e6', 'dffb5de2-17e3-4064-af3e-5ff565c83140', 'スーパーフィート グリーン', 6600)
;

INSERT INTO 仕入.商品仕入先 (仕入商品ID, リビジョン, 仕入先名称, 仕入先担当者, 仕入先電話番号)
VALUES ('ac48c609-f2a8-4a2a-846f-a817a2b9ed72', 'e0898c4e-4984-405b-baa6-b82c96ee8b14', 'DARN TOUGH VERMONT',
        '田中 康太郎', '03-4898-7827'),
       ('3aef9358-57f8-43ce-aa63-fcf002c96a80', 'b0a62890-0679-4bc4-855c-46d01648adf9', 'MILLET', '山中 亜希子',
        '089-898-7827'),
       ('1e63d3ed-7ec4-46d4-9bf7-713001f642e6', 'dffb5de2-17e3-4064-af3e-5ff565c83140', 'SUPER feet', '石瀬 菜美',
        '03-3345-8977')
;


-- </editor-fold>

-- <editor-fold desc="受注スキーマ">

INSERT INTO 受注.受注 (受注ID, 受注番号, 受注日)
VALUES ('e6707ec5-d767-42f7-bd45-5ebfb4555be5', '12345678', '2023-01-10'),
       ('9be70cad-7fd9-4589-8913-a9d5cf7d128e', '09871891', '2023-02-12'),
       ('352081d8-b028-4a7e-a278-4cb33c62b7b7', '90000000', '2023-04-03')
;

INSERT INTO 受注.受注顧客 (受注ID, 顧客ID, 郵便番号, 住所, 建物)
VALUES ('e6707ec5-d767-42f7-bd45-5ebfb4555be5', 'a3081bf2-64f5-41bf-a7a6-16c2135856ae', '354-7689',
        '世田谷区瀬田2-1-17', 'ハイツ614'),
       ('9be70cad-7fd9-4589-8913-a9d5cf7d128e', '2802bfed-dc68-4bd1-b5be-d1ca3613fd05', '660-5128',
        '熊本市東区御領4-3-3', ''),
       ('352081d8-b028-4a7e-a278-4cb33c62b7b7', '7be19df5-fe46-4054-a1b2-9a0214cc6885', '535-3611', '高石市千代田1-2-4',
        'グルーブ410')
;

INSERT INTO 受注.受注明細 (受注ID, 受注明細番号, 販売商品ID, 受注数量)
VALUES ('e6707ec5-d767-42f7-bd45-5ebfb4555be5', '590d65c8-31a8-43e3-9469-2d67af1e6a85',
        '3c3ca7a8-9caa-420d-96e4-43b85d60c1fe', 2),
       ('e6707ec5-d767-42f7-bd45-5ebfb4555be5', '958cdfab-b6fe-4c60-a82f-a8ac56c9da89',
        'b54a2269-7ae5-4d47-b00c-fbde9eeb68b2', 1),
       ('9be70cad-7fd9-4589-8913-a9d5cf7d128e', '9b1facac-fae4-40f3-bc1d-e45c1f7a8a99',
        '84a34352-5ce4-428e-8744-24666657a419', 3),
       ('9be70cad-7fd9-4589-8913-a9d5cf7d128e', '93ba3c21-5e71-4ee5-a54b-433af662b12c',
        '3c3ca7a8-9caa-420d-96e4-43b85d60c1fe', 7),
       ('9be70cad-7fd9-4589-8913-a9d5cf7d128e', '69699ef5-bb61-412a-9f25-cce45ba142c1',
        'b54a2269-7ae5-4d47-b00c-fbde9eeb68b2', 5),
       ('352081d8-b028-4a7e-a278-4cb33c62b7b7', '0b9d33d0-3498-4626-bcc7-cb179f6b785a',
        '84a34352-5ce4-428e-8744-24666657a419', 8)
;

INSERT INTO 受注.有効な受注明細 (受注ID, 受注明細番号)
VALUES ('e6707ec5-d767-42f7-bd45-5ebfb4555be5', '590d65c8-31a8-43e3-9469-2d67af1e6a85'),
       ('e6707ec5-d767-42f7-bd45-5ebfb4555be5', '958cdfab-b6fe-4c60-a82f-a8ac56c9da89'),
       ('9be70cad-7fd9-4589-8913-a9d5cf7d128e', '9b1facac-fae4-40f3-bc1d-e45c1f7a8a99'),
       ('9be70cad-7fd9-4589-8913-a9d5cf7d128e', '93ba3c21-5e71-4ee5-a54b-433af662b12c'),
       ('9be70cad-7fd9-4589-8913-a9d5cf7d128e', '69699ef5-bb61-412a-9f25-cce45ba142c1'),
       ('352081d8-b028-4a7e-a278-4cb33c62b7b7', '0b9d33d0-3498-4626-bcc7-cb179f6b785a')
;
-- </editor-fold>


